rep1,rep2,BrayCurtis_dist
FRP_1_3,FRP_3_2,0.49118955131453
FRP_3_2,FRP_1_3,0.49118955131453
